episode,net_worth,avg_reward,actor_loss,critic_loss,total_loss,orders
0,810.9271399563204,0.6638476651678961,-0.0018120551307220013,9.764430496943533e-05,-0.0017144112582172966,648
