episode,net_worth,avg_reward,actor_loss,critic_loss,total_loss,orders
0,810.9271399563204,0.6638476651678961,-0.0018120551307220013,9.764430496943533e-05,-0.0017144112582172966,648
1,792.5111860660548,0.9117384773821472,-0.023418381123337894,9.791793873432652e-05,-0.023320462470792336,722
2,835.7958571097063,0.8741391226290471,-0.01710737924440764,5.685796015768574e-05,-0.01705052096367581,712
